ID,Xizmat,Kirish vaqti,Status
553c76d1,Avtomabil xarid qilish,2025-05-25 08:01:23,active
f33ef144,Texnik ko‘rik,2025-05-25 08:03:27,active
33797143,Avtomabil xarid qilish,2025-05-25 08:15:12,active
6bd289ab,Texnik ko‘rik,2025-05-25 08:20:09,active
edb56531,Texnik ko‘rik,2025-05-25 08:24:43,active
c99cb542,Texnik ko‘rik,2025-05-25 08:28:53,active
24eaeeb3,Texnik ko‘rik,2025-05-25 08:30:44,active
32ee50bc,Texnik ko‘rik,2025-05-25 08:32:45,active
6ff4add6,Texnik ko‘rik,2025-05-25 08:33:43,active
dd0a5500,Texnik ko‘rik,2025-05-25 08:35:20,active
5685166e,Avtomabil xarid qilish,2025-05-25 08:53:25,active
c32f3039,Maslahat olsh,2025-05-25 08:53:50,active
68d3a18c,Avtomabil xarid qilish,2025-05-25 09:09:30,active
eb9b273a,Avtomabil xarid qilish,2025-05-25 09:10:53,active
cb182ac9,Avtomabil xarid qilish,2025-05-25 09:13:28,active
c63299c1,Avtomabil xarid qilish,2025-05-25 09:13:41,active
35bbfc3c,Avtomabil xarid qilish,2025-05-25 09:14:32,active
18731dba,Maslahat olsh,2025-05-25 09:14:57,active
